{"cameraMode":{"drawMode":0,"name":"Shaded","section":"Shading Mode"},"sceneLighting":false,"audioPlay":false,"sceneViewState":{"m_AlwaysRefresh":false,"showFog":false,"showSkybox":false,"showFlares":false,"showImageEffects":false,"showParticleSystems":false,"showVisualEffectGraphs":true,"m_FxEnabled":true},"in2DMode":false,"pivot":{"x":-0.15076953172683717,"y":0.6163784265518189,"z":0.05407647788524628},"rotation":{"x":-0.003700799308717251,"y":0.9832075834274292,"z":-0.1813526749610901,"w":-0.020064039155840875},"size":0.6467503309249878,"orthographic":false}