{"cameraMode":{"drawMode":0,"name":"Shaded","section":"Shading Mode"},"sceneLighting":false,"audioPlay":false,"sceneViewState":{"m_AlwaysRefresh":false,"showFog":false,"showSkybox":false,"showFlares":false,"showImageEffects":false,"showParticleSystems":false,"showVisualEffectGraphs":true,"m_FxEnabled":true},"in2DMode":false,"pivot":{"x":0.30640923976898196,"y":0.5116696357727051,"z":4.27103853225708},"rotation":{"x":0.13847047090530396,"y":0.06294260174036026,"z":-0.008818501606583596,"w":0.9883265495300293},"size":6.355820178985596,"orthographic":false}